sku,name,category,regularPrice,sellingPrice,rating,ratingCount,image,flipkartUrl,badge,description,active,displayOrder,Featured
Fkt053,Kuber Gold Premium Dhoop (Wet Dhoop) Best Seller Dhoop (Pack of 12),Dhoop,300,300,4.6,246,https://rukminim1.flixcart.com/image/1536/1536/xif0q/dhoop-cone/f/u/v/premium-dhoop-wet-dhoop-best-seller-12-kuber-gold-original-imahzqngzs3xvfuf.jpeg?q=90,https://www.flipkart.com/kuber-gold-premium-dhoop-wet-dhoop-best-seller/p/itm5745917f9ddbb?pid=DCEHZQNJXHCGWM3G&marketplace=FLIPKART&lid=LSTDCEHZQNJXHCGWM3GBH1ABN&pageUID=1784974092378,BestSeller,Premium Dhoop (Best Seller),TRUE,1,
Fkt053-2,Kuber Gold Premium Dhoop (Wet Dhoop) Best Seller Dhoop (Pack of 10),Dhoop,250,238,4,108,https://rukminim1.flixcart.com/image/1536/1536/xif0q/dhoop-cone/d/k/q/premium-dhoop-wet-dhoop-best-seller-10-kuber-gold-original-imahzqnghgfeh3tk.jpeg?q=90,https://www.flipkart.com/kuber-gold-premium-dhoop-wet-dhoop-best-seller/p/itm459c4d0a6854d?pid=DCEHZQNJSQBEPDFU,BestSeller,Premium Dhoop (Best Seller),TRUE,2,Yes
KGR032,"Kuber Gold Kuber Mix Zipper Dhoop Combo (Rose/Mogra/Sandal/Guggal/Loban) Guggul, Rose, Sandal Dhoop (Pack of 5)",Dhoop,175,169,4,289,https://rukminim1.flixcart.com/image/1536/1536/xif0q/dhoop-cone/a/d/6/kuber-mix-zipper-dhoop-combo-rose-mogra-sandal-guggal-loban-5-original-imahneycz9jbtytm.jpeg?q=90,https://www.flipkart.com/kuber-gold-mix-zipper-dhoop-combo-rose-mogra-sandal-guggal-loban-guggul-rose-sandal/p/itm91a118ff874ac?pid=DCEHNEYDV98UXJYU,BestSeller,Premium Dhoop (Best Seller),TRUE,3,Yes
Fkt040,Kuber Gold Premium Dhoop (Pack of 12),Dhoop,180,171,4,197,https://rukminim1.flixcart.com/image/1536/1536/xif0q/dhoop-cone/g/o/e/premium-12-kuber-gold-original-imahzc8r5g9bhxb9.jpeg?q=90,https://www.flipkart.com/kuber-gold-premium-dhoop/p/itmaea39bec75b49?pid=DCEHZBRYQ8SJGUMF,BestSeller,Premium Best Seller Dhoop ,TRUE,4,Yes
Fkt011,"Kuber Gold 3in1 Bambooless Incense (90 g, Set of 1)",Dhoop Stick,70,64,4,134,https://rukminim1.flixcart.com/image/1536/1536/xif0q/incense-stick/5/d/8/3in1-bambooless-1-90-kuber-gold-original-imahnkccpyzcugq8.jpeg?q=90,https://www.flipkart.com/kuber-gold-3in1-bambooless-incense/p/itm5bdea8613cd74?pid=INSHNKCCDWHRUGYE,Premium,Premium Bambooless Sticks,TRUE,5,
Fkt052,"Kuber Gold Premium Dhoop Sticks, Size - 3 inches, Fragrances - kewda, loban, rose, rajnigandha, lavender, sri sai (12 Units, Set of 12)",Dhoop Stick,180,171,4.7,178,https://rukminim1.flixcart.com/image/1536/1536/xif0q/incense-stick/9/m/e/premium-dhoop-sticks-size-3-inches-fragrances-12-12-kuber-gold-original-imahzqmf7jvqaz69.jpeg?q=90,https://www.flipkart.com/kuber-gold-premium-dhoop-sticks-size-3-inches-fragrances-kewda-loban-rose-rajnigandha-lavender-sri-sai/p/itmbedd3a4b04c52?pid=INSHZQMGXXPY9VVW,Value Pack,Premium Dhoop Sticks,TRUE,6,
Fkt018,"Kuber Gold Royal Oudh 8"" Premium Sticks Dhoop ()",Dhoop Stick,70,69,3.5,125,https://rukminim1.flixcart.com/image/1536/1536/xif0q/dhoop-cone/m/n/l/royal-oudh-8-premium-sticks-1-kuber-gold-original-imahnkhpe89zvxz6.jpeg?q=90,https://www.flipkart.com/kuber-gold-royal-oudh-8-premium-sticks-dhoop/p/itm371005cac14f8?pid=DCEHNKNTZZ66A7XJ,Premium,Premium Bambooless Sticks,TRUE,7,
Fkt007,Kuber Gold Panchgavya Sambrani Cup Dhoop (),Sambrani,90,79,3.5,190,https://rukminim1.flixcart.com/image/1536/1536/xif0q/dhoop-cone/3/y/q/panchgavya-sambrani-cup-1-kuber-gold-original-imahnkat5neecwf6.jpeg?q=90,https://www.flipkart.com/kuber-gold-panchgavya-sambrani-cup-dhoop/p/itmfce1e4a8ef148?pid=DCEHNKAUYY2GEJUG,Premium,Premium Sambrani Cup,TRUE,8,
Fkt041,Kuber Gold 24 Carat Loban Musk Biscuit Dhoop (Pack of 2),Sambrani,240,197,4.5,169,https://rukminim1.flixcart.com/image/1536/1536/xif0q/dhoop-cone/f/r/w/24-carat-loban-musk-biscuit-2-kuber-gold-original-imahzcezgsnwkxcg.jpeg?q=90,https://www.flipkart.com/kuber-gold-24-carat-loban-musk-biscuit-dhoop/p/itmc0768807bd3e2?pid=DCEHZCEZHHVHRNTD,1st Time in India,Premium Sambrani Cup,TRUE,9,Yes
Fkt005,Kuber Gold Devstuti Sambrani Cup Dhoop (),Sambrani,90,79,4.2,459,https://rukminim1.flixcart.com/image/1536/1536/xif0q/dhoop-cone/a/c/t/devstuti-sambrani-cup-1-kuber-gold-original-imahnk9xvpubv4bh.jpeg?q=90,https://www.flipkart.com/kuber-gold-devstuti-sambrani-cup-dhoop/p/itme3e77c660791e?pid=DCEHNK9XHMYNNXSY,BestSeller,Premium Sambrani Cup,TRUE,10,
Fkt013,"Kuber Gold Fortune 3in1 Zipper Incense Sticks (120 g, Set of 1)",Agarbatti,70,68,3.5,148,https://rukminim1.flixcart.com/image/1536/1536/xif0q/incense-stick/5/a/6/fortune-3in1-zipper-1-120-kuber-gold-original-imahnkcjrbnvr2zr.jpeg?q=90,https://www.flipkart.com/kuber-gold-fortune-3in1-zipper-incense-sticks/p/itm0f4dc82b0284c?pid=INSHNKCMSHSKYHFM,Value Pack,Premium Incense Sticks,TRUE,11,
Fkt012,"Kuber Gold Divine Sutra 7in1 Zipper Incense Sticks (400 g, Set of 1)",Agarbatti,140,124,4.9,134,https://rukminim1.flixcart.com/image/1536/1536/xif0q/incense-stick/p/q/7/divine-sutra-7in1-zipper-1-400-kuber-gold-original-imahnkcczfhftdtw.jpeg?q=90,https://www.flipkart.com/kuber-gold-divine-sutra-7in1-zipper-incense-sticks/p/itmde57dfba35fcd?pid=INSHNKCCPS6DDKSF,Value Pack,Premium Incense Sticks,TRUE,12,
Fkt010,"Kuber Gold 4in1 Zipper Incense Sticks (100 g, Set of 1)",Agarbatti,75,73,3.5,268,https://rukminim1.flixcart.com/image/1536/1536/xif0q/incense-stick/a/a/k/4in1-zipper-1-100-kuber-gold-original-imahnkb3hhn5kphw.jpeg?q=90,https://www.flipkart.com/kuber-gold-4in1-zipper-incense-sticks/p/itmd2beb05a8fdf8?pid=INSHNKB4ZFMRSVRH,Value Pack,Premium Incense Sticks,TRUE,13,Yes
Fkt042,"Kuber Gold Premium Agarbatti 3in1 (10 Units, Set of 12)",Agarbatti,180,169,5,167,https://rukminim1.flixcart.com/image/1536/1536/xif0q/dhoop-cone/w/8/g/3in1-incense-sticks-90g-1-kuber-gold-original-imahnkbykbhqf6ss.jpeg?q=90,https://www.flipkart.com/kuber-gold-premium-agarbatti-3in1/p/itmd79ae44498695?pid=INSHZM2GSRHDHG5H,Value Pack,Premium Incense Sticks,TRUE,14,
Fkt051,"Kuber Gold Premium 3in1 agarbatti 250g & 4in1 agarbatti 90g with free steel agarbatti stand 3in1, 4in1 (400 g, Set of 1)",Agarbatti,375,256,4.5,135,https://rukminim1.flixcart.com/image/1536/1536/xif0q/incense-stick/v/j/i/premium-3in1-agarbatti-250g-4in1-agarbatti-90g-with-free-steel-original-imahzqkf5xtxfrvf.jpeg?q=90,https://www.flipkart.com/kuber-gold-premium-3in1-agarbatti-250g-4in1-90g-free-steel-stand-3in1/p/itm191eb79ee03dc?pid=INSHZQKFXYGN4DZH,Value Pack,Premium Incense Sticks,TRUE,15,
Fkt009,Kuber Gold 3in1 Incense Sticks 90g Dhoop (),Agarbatti,70,69,3.5,168,https://rukminim1.flixcart.com/image/1536/1536/xif0q/dhoop-cone/w/8/g/3in1-incense-sticks-90g-1-kuber-gold-original-imahnkbykbhqf6ss.jpeg?q=90,https://www.flipkart.com/kuber-gold-3in1-incense-sticks-90g-dhoop/p/itm04d5401085771?pid=DCEHNKBFYGZQCJWR,Value Pack,Premium Incense Sticks,TRUE,16,
Fkt015,"Kuber Gold Super 6 Citronella Incense Sticks, 6 Fragrances - Rose/Lily/Champa/Kewda/Sandal/Mogra (200 g, Set of 1)",Agarbatti,240,200,4.5,198,https://rukminim1.flixcart.com/image/1536/1536/xif0q/incense-stick/r/g/d/super-6-citronella-1-200-kuber-gold-original-imahza6fwgjeefk2.jpeg?q=90,https://www.flipkart.com/kuber-gold-super-6-citronella-incense-sticks-fragrances-rose-lily-champa-kewda-sandal-mogra/p/itm622b0667c7b50?pid=INSHNKTVU3SQWVBF,Value Pack,Repel Mosqitous,TRUE,17,
Fkt026,Kuber Gold Bhimseni 100g Jar (),Camphor,350,290,4,159,https://rukminim1.flixcart.com/image/1536/1536/xif0q/havan-items/z/o/b/bhimseni-100g-jar-kuber-gold-original-imahnmgqgknhnkvw.jpeg?q=90,https://www.flipkart.com/kuber-gold-bhimseni-100g-jar/p/itm24441d759e006?pid=HAIHNMGQSF97URUU,Premium,Premium Camphor,TRUE,18,
Fkt025,Kuber Gold Camphor Tablet 40g Jar (),Camphor,120,109,4.7,210,https://rukminim1.flixcart.com/image/1536/1536/xif0q/havan-items/c/p/b/camphor-tablet-40g-jar-kuber-gold-original-imahzbht8h3th2dy.jpeg?q=90,https://www.flipkart.com/kuber-gold-camphor-tablet-40g-jar/p/itmac59ce627901e?pid=HAIHNMGACBX4JEDV,Value Pack,Premium Camphor,TRUE,19,
Fkt055,Kuber Gold Premium Jumbo Cones Jasmine Dhoop (),Cones,220,183,4.2,329,https://rukminim1.flixcart.com/image/1536/1536/xif0q/dhoop-cone/y/0/c/premium-jumbo-cones-1-kuber-gold-original-imahpbjqg9yuk9r6.jpeg?q=90,https://www.flipkart.com/kuber-gold-premium-jumbo-cones-jasmine-dhoop/p/itm2f2446d20d26d?pid=DCEHPBJSXQKHJ5ZR,New Arrival,400gm Jumbo Cones,TRUE,20,
Fkt014,"Kuber Gold Rose Garden 3in1 Zipper Incense Sticks (120 g, Set of 1)",Cones,70,66,3.9,286,https://rukminim1.flixcart.com/image/1536/1536/xif0q/incense-stick/r/3/6/rose-garden-3in1-zipper-1-120-kuber-gold-original-imahnkdyb7m8etgj.jpeg?q=90,https://www.flipkart.com/kuber-gold-rose-garden-3in1-zipper-incense-sticks/p/itmf832edfdcfcb2?pid=INSHNKDFZ5NFS6XH,Value Pack,Premium Incense Sticks,TRUE,21,Yes
Fkt002,Kuber Gold Premium Platinum Flora Dhoop (),Cones,70,69,4.3,129,https://rukminim1.flixcart.com/image/1536/1536/xif0q/dhoop-cone/k/b/x/premium-platinum-flora-1-kuber-gold-original-imahnfzfzqahyj48.jpeg?q=90,https://www.flipkart.com/kuber-gold-premium-platinum-flora-dhoop/p/itmcd5764b8db829?pid=DCEHNFZ228MAZKME,Premium,Premium Flora Dhoop,TRUE,22,
Fkt060,Kuber Gold Premium Jumbo Incense Cones Jar 400gm Guggal Dhoop (),Cones,220,189,3.8,290,https://rukminim1.flixcart.com/image/1536/1536/xif0q/dhoop-cone/n/f/u/premium-jumbo-incense-cones-jar-400gm-guggal-1-kuber-gold-original-imahpbuz8yzzhten.jpeg?q=90,https://www.flipkart.com/kuber-gold-premium-jumbo-incense-cones-jar-400gm-guggal-dhoop/p/itm4c4952a763c5b?pid=DCEHPBUZ7KPT63GZ,New Arrival,400gm Jumbo Cones,TRUE,23,
Fkt058,Kuber Gold Premium Incense Cones Jar 400gm Rose Dhoop (),Cones,220,183,3.6,189,https://rukminim1.flixcart.com/image/1536/1536/xif0q/dhoop-cone/m/m/u/premium-jumbo-incense-cones-jar-400gm-1-kuber-gold-original-imahpbutkzzsvpzs.jpeg?q=90,https://www.flipkart.com/kuber-gold-premium-incense-cones-jar-400gm-rose-dhoop/p/itm8400715841e18?pid=DCEHPDY6F73C9V9T,New Arrival,400gm Jumbo Cones,TRUE,24,
Fkt056,Kuber Gold Premium Jumbo Dhoop Cones 400gm Lavender Dhoop (),Cones,220,183,4,109,https://rukminim1.flixcart.com/image/1536/1536/xif0q/dhoop-cone/l/o/n/premium-jumbo-dhoop-cones-400gm-1-kuber-gold-original-imahpctuhpynf2hm.jpeg?q=90,https://www.flipkart.com/kuber-gold-premium-jumbo-dhoop-cones-400gm-lavender/p/itm0deafdae534b8?pid=DCEHPBT7QUHFHV4W,New Arrival,400gm Jumbo Cones,TRUE,25,
Fkt059,Kuber Gold Premium Jumbo Incense Cones Jar 300gm Oudh Dhoop (),Cones,220,189,4,279,https://rukminim1.flixcart.com/image/1536/1536/xif0q/dhoop-cone/5/p/x/premium-jumbo-incense-cones-jar-300gm-oudh-1-kuber-gold-original-imahpbunu5nguhgu.jpeg?q=90,https://www.flipkart.com/kuber-gold-premium-jumbo-incense-cones-jar-300gm-oudh-dhoop/p/itmb43fb94f7766d?pid=DCEHPBUNGX72ZMY6,New Arrival,300gm Jumbo Cones,TRUE,26,
Fkt020,Kuber Gold 3in1 / 4in1 Combo Stick Dhoop (),Cones,70,70,4.5,178,https://rukminim1.flixcart.com/image/1536/1536/xif0q/dhoop-cone/0/n/k/3in1-4in1-combo-stick-1-kuber-gold-original-imahnkkczqhufhpv.jpeg?q=90,https://www.flipkart.com/kuber-gold-3in1-4in1-combo-stick-dhoop/p/itmeeff3d3c62f2a?pid=DCEHNKP7ZS9HZW2Y,Value Pack,Premium Dhoop Sticks,TRUE,27,
Fkt057,Kuber Gold Premium Jumbo Incense Cones Jar 400gm Sandal Dhoop (),Cones,220,183,3.5,189,https://rukminim1.flixcart.com/image/1536/1536/xif0q/dhoop-cone/u/e/h/premium-jumbo-incense-cones-jar-400gm-1-kuber-gold-original-imahpbthysue8wyw.jpeg?q=90,https://www.flipkart.com/kuber-gold-premium-jumbo-incense-cones-jar-400gm-sandal-dhoop/p/itm30977d9dcafc5?pid=DCEHPBTHGNKYG84M,New Arrival,400gm Jumbo Cones,TRUE,28,
Fkt017,Kuber Gold Super 4in1 Mix Jar 400gm Dhoop (),Cones,220,192,4,205,https://rukminim2.flixcart.com/image/1536/1536/xif0q/dhoop-cone/j/x/f/super-4in1-mix-jar-400gm-1-kuber-gold-original-imahzbkfhrdydfzf.jpeg?q=90,https://dl.flipkart.com/dl/kuber-gold-super-4in1-mix-jar-400gm-dhoop/p/itm603533c5f711c?pid=DCEHNKSQS79RACGH&lid=LSTDCEHNKSQS79RACGH8QMKYO&_refId=&_appId=CL,New Arrival,400gm Jumbo Cones,TRUE,29,